place,id,year,latitude,longitude,mag
Kuril Islands,usp00050sq,1991,45.533,151.021,7.6
near the west coast of Colombia,usp0004zbt,1991,4.554,-77.442,7.2
Solomon Islands,usp0004xtq,1991,-9.094,158.442,7.2
Fiji region,usp0004x7f,1991,-20.878,-178.591,7
"Brookings, Oregon",nc228064,1991,41.679,-125.856,7
central Peru,usp0004tuc,1991,-13.108,-72.187,7
"Santiago Del Estero, Argentina",usp0004taw,1991,-26.802,-63.349,7.3
"Minahasa, Sulawesi, Indonesia",usp0004t6g,1991,1.196,122.787,7.5
Fiji region,usp0004sq2,1991,-20.252,-176.218,7
Alaska Peninsula,usp0004s9h,1991,54.567,-161.606,7
"Minahasa, Sulawesi, Indonesia",usp0004ru5,1991,1.156,122.957,7
Georgia (Sak'art'velo),usp0004qza,1991,42.453,43.673,7
Costa Rica,usp0004qpg,1991,9.685,-83.073,7.6
northern Peru,usp0004pyn,1991,-5.982,-77.094,7.1
"Mindanao, Philippines",usp0004n2a,1991,8.87,126.48,7
Myanmar,usp0004k8g,1991,23.613,95.901,7
"New Britain region, Papua New Guinea",usp0004k00,1990,-5.097,150.967,7.5
"Komandorskiye Ostrova, Russia region",usp0004gkj,1990,53.452,169.871,7.1
Peru-Brazil border region,usp0004fv5,1990,-10.97,-70.776,7
Vanuatu,usp0004dad,1990,-19.435,169.132,7.1
Vanuatu,usp0004cm6,1990,-15.355,167.464,7.2
"Luzon, Philippines",usp0004bxs,1990,15.679,121.172,7.7
northern Iran,usp0004arq,1990,36.957,49.409,7.4
"Panay, Philippines",usp0004ag6,1990,11.76,121.899,7.1
Romania,usp00049yk,1990,45.841,26.668,7
Flores Sea,usp00049qg,1990,-7.363,120.363,7.1
Sudan,usp00049qe,1990,5.358,31.848,7.1
Sudan,usp00049hf,1990,5.121,32.145,7.2
"Tatar Strait, Russia",usp000496v,1990,49.037,141.847,7.2
"Minahasa, Sulawesi, Indonesia",usp000482z,1990,1.186,122.857,7.8
Mariana Islands region,usp00047gj,1990,15.125,147.596,7.6
Costa Rica,usp0004720,1990,9.919,-84.808,7.3
Vanuatu,usp000467e,1990,-18.318,168.063,7.1
south of the Fiji Islands,usp000464d,1990,-22.122,175.163,7.6
"Mindanao, Philippines",usp000433j,1989,8.337,126.729,7.6
"eastern New Guinea region, Papua New Guinea",usp00042ug,1989,-6.436,146.383,7.1
"near the east coast of Honshu, Japan",usp00041kg,1989,39.837,142.76,7.4
south of Alaska,usp0003z7h,1989,55.543,-156.835,7.1
Macquarie Island region,official19890523105446320_10,1989,-52.341,160.568,8.02
"Kermadec Islands, New Zealand",usp0003v79,1989,-30.523,-178.414,7
"Acre, Brazil",usp0003uxu,1989,-8.281,-71.381,7.1
Molucca Sea,usp0003rqq,1989,2.305,126.76,7.1
Myanmar-China border region,usp0003nks,1988,22.789,99.611,7.7
Tonga region,usp0003mmh,1988,-18.771,-172.415,7.1
Solomon Islands,usp0003jtm,1988,-10.366,160.819,7.6
Myanmar,usp0003jpw,1988,25.149,95.127,7.3
"Kepulauan Aru region, Indonesia",usp0003j6r,1988,-6.081,133.667,7
"New Britain region, Papua New Guinea",usp0003j4t,1988,-6.526,152.779,7
near the coast of southern Peru,usp0003ezg,1988,-17.192,-72.305,7.1
Gulf of Alaska,usp0003dnb,1988,56.953,-143.032,7.8
"Catanduanes, Philippines",usp0003da3,1988,13.477,124.616,7.3
"Antofagasta, Chile",usp0003crv,1988,-24.753,-70.433,7.2
"Antofagasta, Chile",usp0003c61,1988,-24.71,-70.568,7
Gulf of Alaska,usp0003aq8,1987,58.679,-142.786,7.9
"New Britain region, Papua New Guinea",usp00039av,1987,-6.266,149.06,7.4
"Bougainville region, Papua New Guinea",usp000396s,1987,-7.288,154.371,7
Tonga region,usp000390n,1987,-17.94,-172.225,7.3
Macquarie Island region,usp000381s,1987,-58.893,158.513,7.4
"Tarapaca, Chile",usp00037c3,1987,-19.022,-69.991,7.2
Banda Sea,usp00035ur,1987,-5.577,130.791,7.1
"Jujuy, Argentina",usp00033th,1987,-22.767,-66.205,7
Colombia-Ecuador border region,usp000330w,1987,0.151,-77.821,7.2
"near the coast of Antofagasta, Chile",usp0003308,1987,-24.495,-70.701,7
"Antofagasta, Chile",usp0003304,1987,-24.388,-70.161,7.6
"eastern New Guinea region, Papua New Guinea",usp000329h,1987,-6.088,147.689,7.4
South Sandwich Islands region,usp000321p,1987,-60.063,-26.916,7
Taiwan,usp0003009,1986,23.901,121.574,7.4
Fiji region,usp0002zgu,1986,-21.702,-176.616,7.2
Kermadec Islands region,usp0002z3j,1986,-28.117,-176.367,7.7
Romania,usp0002xpm,1986,45.547,26.316,7.2
Molucca Sea,usp0002x57,1986,1.795,126.519,7.5
"New Guinea, Papua New Guinea",usp0002vbr,1986,-4.448,143.943,7.2
south of the Fiji Islands,usp0002v3n,1986,-22.037,-178.925,7.1
south of the Fiji Islands,usp0002uf4,1986,-20.19,178.86,7.1
"Andreanof Islands, Aleutian Islands, Alaska",usp0002tmu,1986,51.52,-174.776,8
"Michoacan, Mexico",usp0002tcb,1986,18.404,-102.973,7
southeast of the Loyalty Islands,usp0002q31,1986,-21.277,170.102,7.1
Vanuatu,usp0002p4n,1985,-13.966,166.516,7.1
Vanuatu,usp0002nae,1985,-13.987,166.185,7
Vanuatu,usp0002na9,1985,-14.043,166.24,7
"near the north coast of Papua, Indonesia",usp0002mvw,1985,-1.639,134.911,7.1
"Guerrero, Mexico",usp0002jyp,1985,17.802,-101.647,7.6
"Michoacan, Mexico",usp0002jwe,1985,18.19,-102.533,8
"southern Xinjiang, China",usp0002j21,1985,39.431,75.224,7
"Hindu Kush region, Afghanistan",usp0002h5z,1985,36.19,70.896,7.4
"New Britain region, Papua New Guinea",usp0002gc3,1985,-4.439,152.828,7.3
"New Britain region, Papua New Guinea",usp0002en1,1985,-5.599,151.045,7.2
"Luzon, Philippines",usp0002e2z,1985,15.344,120.61,7
Molucca Sea,usp0002drr,1985,1.622,126.411,7
"Libertador General Bernardo O'Higgins, Chile",usp0002dm4,1985,-34.131,-71.618,7.2
"Valparaiso, Chile",usp0002cd3,1985,-33.207,-71.663,7.4
"offshore Valparaiso, Chile",usp0002ccz,1985,-33.135,-71.871,8
"Mindanao, Philippines",usp000297p,1984,5.167,125.124,7.5
"Nias region, Indonesia",usp000294z,1984,0.197,98.027,7.1
southeast of the Loyalty Islands,usp000292p,1984,-22.022,170.95,7.1
central Mid-Atlantic Ridge,usp00028pr,1984,8.185,-38.794,7.1
Tonga,usp000286c,1984,-15.86,-173.643,7.2
"Sulawesi, Indonesia",usp000268f,1984,-0.086,122.517,7.4
"New Britain region, Papua New Guinea",usp00024qw,1984,-4.843,151.577,7.1
Kuril Islands,usp00022y2,1984,44.117,148.192,7.2
western Uzbekistan,usp00022s5,1984,40.32,63.35,7
"Izu Islands, Japan region",usp00022fa,1984,29.384,138.935,7.4
"Mindanao, Philippines",usp00022es,1984,8.147,123.762,7.3
Solomon Islands,usp00021u7,1984,-10.012,160.469,7.6
"Sulawesi, Indonesia",usp000213u,1984,-2.823,118.806,7
"near the south coast of western Honshu, Japan",usp00020z7,1984,33.683,136.894,7.2
"Hindu Kush region, Afghanistan",usp00020xw,1983,36.372,70.738,7.4
offshore Guatemala,usp000207b,1983,14.066,-91.924,7
Chagos Archipelago region,usp000205u,1983,-6.852,72.11,7.3
"Kepulauan Barat Daya, Indonesia",usp000200r,1983,-7.481,128.168,7.3
South Sandwich Islands region,usp0001z5e,1983,-60.665,-25.451,7.2
"Atacama, Chile",usp0001ytj,1983,-26.535,-70.563,7.4
"near the east coast of the Kamchatka Peninsula, Russia",usp0001xqy,1983,55.867,161.287,7.1
"near the west coast of Honshu, Japan",usp0001vmy,1983,40.462,139.102,7.4
Iran-Pakistan border region,usp0001uj8,1983,27.793,62.054,7
Peru-Ecuador border region,usp0001uct,1983,-4.843,-78.103,7
Costa Rica,usp0001u4p,1983,8.717,-83.123,7.1
"New Ireland region, Papua New Guinea",usp0001tr1,1983,-4.883,153.581,7.6
Kermadec Islands region,usp0001smj,1983,-30.383,-179.339,7
Greece,usp0001sa1,1983,38.026,20.228,7
south of Tonga,usp0001rj6,1982,-24.133,-175.864,7.2
Santa Cruz Islands,usp0001nvd,1982,-12.597,165.931,7
"near the east coast of Honshu, Japan",usp0001nkk,1982,36.194,141.702,7.1
north of Macquarie Island,usp0001nap,1982,-51.225,160.513,7
"west of the Bonin Islands, Japan",usp0001n8w,1982,27.929,136.967,7.1
offshore El Salvador,iscgem597450,1982,13.332,-89.387,7.3
"Guerrero, Mexico",usp0001mrg,1982,16.558,-98.358,7
"Catanduanes, Philippines",usp0001hze,1982,13.752,124.358,7.1
"Kermadec Islands, New Zealand",usp0001hp7,1981,-29.934,-177.741,7.1
Aegean Sea,usp0001hgc,1981,39.243,25.227,7.2
"Guerrero, Mexico",usp0001gnv,1981,18.048,-102.084,7.3
"off the coast of Valparaiso, Chile",usp0001gg1,1981,-33.134,-73.074,7.2
Samoa Islands region,usp0001fkx,1981,-14.96,-173.085,7.7
eastern Iran,usp0001ezf,1981,30.013,57.794,7.1
Vanuatu,usp0001eq4,1981,-17.26,167.601,7
southeast of the Loyalty Islands,usp0001ej2,1981,-22.293,171.742,7
off the west coast of the South Island of New Zealand,usp0001dv1,1981,-48.786,164.357,7.6
"Rat Islands, Aleutian Islands, Alaska",usp0001byq,1981,51.744,176.274,7
offshore Northern California,usp0001aq1,1980,41.117,-124.253,7.2
southeast of the Loyalty Islands,usp0001aez,1980,-21.89,169.853,7.2
northern Algeria,usp0001a5w,1980,36.195,1.354,7.3
Santa Cruz Islands,usp00018y0,1980,-12.525,165.916,7.9
Santa Cruz Islands,usp00018r3,1980,-12.41,166.381,7.5
Kuril Islands,usp00015mw,1980,43.53,146.753,7
near the coast of Ecuador,usp00014ey,1979,1.598,-79.358,7.7
eastern Iran,usp000147t,1979,33.962,59.726,7.1
Solomon Islands,usp00013nn,1979,-10.615,161.284,7.1
off the west coast of the South Island of New Zealand,usp00013ck,1979,-46.675,165.707,7.4
"Biak region, Indonesia",usp00012wp,1979,-1.679,136.04,7.9
"Babuyan Islands region, Philippines",usp00012mz,1979,19.066,122.096,7.1
"Guerrero, Mexico",usp0000zbw,1979,17.813,-101.276,7.6
Southern Alaska,usp0000z2a,1979,60.642,-141.593,7.1
Taiwan region,usp0000y1y,1978,23.247,122.075,7
"Oaxaca, Mexico",usp0000xp7,1978,16.01,-96.591,7.7
Solomon Islands,usp0000x9z,1978,-11.132,162.136,7.1
eastern Iran,usp0000wjx,1978,33.386,57.434,7.4
Costa Rica,usp0000w5v,1978,10.204,-85.222,7
Taiwan region,usp0000vpz,1978,22.282,121.512,7.4
Tonga region,usp0000v3r,1978,-17.098,-172.264,7
"near the east coast of Honshu, Japan",usp0000v0f,1978,38.19,142.028,7.7
Kyrgyzstan,usp0000tn6,1978,42.839,78.606,7.1
Kuril Islands,usp0000tmy,1978,44.244,148.862,7.6
Kuril Islands,usp0000tjh,1978,44.932,148.439,7.5
"Kermadec Islands, New Zealand",usp0000swb,1978,-30.683,-177.358,7.2
"San Juan, Argentina",usp0000rp1,1977,-31.028,-67.767,7.4
south of Tonga,usp0000qzg,1977,-25.856,-175.406,7.2
east of the South Sandwich Islands,usp0000qbd,1977,-59.426,-20.508,7.1
"south of Sumbawa, Indonesia",iscgem694739,1977,-11.164,118.378,8.3
Solomon Islands,usp0000px4,1977,-8.031,155.538,7.2
Solomon Islands,usp0000nh4,1977,-9.965,160.731,7.5
Solomon Islands,usp0000ngh,1977,-9.844,160.822,7.5
Solomon Islands,usp0000ngg,1977,-9.89,160.348,7.5
Samoa Islands region,usp0000n82,1977,-16.696,-172.095,7.6
"Luzon, Philippines",usp0000myv,1977,16.773,122.327,7
Romania,usp0000mtc,1977,45.772,26.761,7.5
Turkey-Iran border region,usp0000kf0,1976,39.121,44.029,7.3
"Papua, Indonesia",usp0000k3d,1976,-4.517,139.918,7.1
"Mindanao, Philippines",usp0000hvb,1976,6.262,124.023,7.9
"Hebei, China",usp0000hk6,1976,39.664,118.401,7.4
"Tianjin-Hebei border region, China",usp0000hjg,1976,39.57,117.978,7.5
Panama,usp0000h9g,1976,7.409,-78.127,7
"Papua, Indonesia",usp0000h1p,1976,-4.603,140.091,7.1
"northern Sumatra, Indonesia",usp0000gzb,1976,3.397,96.318,7
Myanmar-China border region,usp0000gm8,1976,24.531,98.71,7
western Uzbekistan,usp0000gcj,1976,40.381,63.472,7
western Uzbekistan,usp0000ft0,1976,40.311,63.773,7
Guatemala,usp0000ex3,1976,15.324,-89.101,7.5
Kuril Islands,usp0000ekj,1976,44.915,149.123,7
Kermadec Islands region,usp0000ee7,1976,-28.427,-177.657,8
Samoa Islands region,usp0000e2t,1975,-16.264,-172.467,7.8
Kalapana Earthquake,official19751129144740_9,1975,19.333,-155.0015,7.7
"Samar, Philippines",usp0000dc1,1975,12.54,125.993,7.2
south of Tonga,usp0000d42,1975,-24.894,-175.119,7.8
Santa Cruz Islands,usp0000d2p,1975,-12.519,166.499,7
"southern Sumatra, Indonesia",usp0000d0m,1975,-4.882,102.198,7
Solomon Islands,usp0000c2s,1975,-7.104,155.152,7.7
"Bougainville region, Papua New Guinea",usp0000c24,1975,-6.59,155.054,7.9
Kuril Islands,usp0000bdp,1975,43.024,147.734,7
Azores-Cape St. Vincent Ridge,usp0000b6e,1975,35.997,-17.649,7.9
"Bio-Bio, Chile",usp0000az9,1975,-38.183,-73.232,7.7
"Liaoning, China",usp00009ss,1975,40.641,122.58,7
"Near Islands, Aleutian Islands, Alaska",usp00009ry,1975,53.113,173.497,7.6
near the coast of central Peru,usp00008qy,1974,-12.5,-77.786,7.2
D'Entrecasteaux Islands region,usp00008hm,1974,-8.42,154.034,7.2
"Antigua and Barbuda region, Leeward Islands",usp00008aq,1974,17.3,-62,7.5
near the coast of central Peru,usp0000888,1974,-12.265,-77.795,7.6
"Araucania, Chile",usp00007nz,1974,-38.453,-73.431,7.1
Kyrgyzstan-Tajikistan-Xinjiang border region,usp00007j0,1974,39.457,73.83,7.3
Panama-Colombia border region,usp000072y,1974,7.747,-77.688,7.3
Kermadec Islands region,usp00006zm,1974,-29.082,-175.954,7.2
Solomon Islands,usp000053r,1974,-7.383,155.575,7.1
Solomon Islands,usp000053h,1974,-7.461,155.894,7
Vanuatu,usp00004vu,1974,-14.434,166.863,7.2
Vanuatu,usp00004py,1973,-15.117,166.896,7.2
Vanuatu,usp00004p9,1973,-14.464,166.601,7.5
east of the South Sandwich Islands,usp00003qs,1973,-60.823,-21.549,7
Kuril Islands,usp00002bv,1973,43.318,146.442,7.1
"Hokkaido, Japan region",usp0000270,1973,43.233,145.785,7.7
"Luzon, Philippines",usp00000z7,1973,13.372,122.787,7
Kuril Islands,usp00000rx,1973,50.486,156.584,7.2
"western Sichuan, China",usp00000dz,1973,31.398,100.581,7.4
"Michoacan, Mexico",usp00000bf,1973,18.481,-102.996,7.5
"Izu Islands, Japan region",iscgem765618,1972,33.362,140.827,7.4
"Mindanao, Philippines",iscgem765501,1972,6.405,126.64,8
"Loyalty Islands, New Caledonia",iscgem766936,1972,-20.122,168.949,7
"New Britain region, Papua New Guinea",iscgem770672,1972,-6.05,152.932,7.5
Southeastern Alaska,iscgem772060,1972,56.724,-135.853,7.6
Celebes Sea,iscgem772416,1972,3.752,124.221,7.7
Tonga,iscgem773729,1972,-17.76,-175.066,7.1
"Bougainville region, Papua New Guinea",iscgem774887,1972,-5.154,154.191,7.2
"Mindoro, Philippines",iscgem774772,1972,13.402,120.275,7.5
Taiwan,iscgem774714,1972,23.564,121.539,7
south of the Fiji Islands,iscgem775781,1972,-25.758,179.665,7.2
"Izu Islands, Japan region",iscgem776553,1972,33.453,140.929,7.2
Santa Cruz Islands,iscgem776200,1972,-11.481,166.339,7.4
Taiwan,iscgem777209,1972,23.107,121.974,7.1
Taiwan region,iscgem777208,1972,22.632,122.269,7.3
Vanuatu,iscgem777164,1972,-13.248,166.407,7
"off the east coast of the Kamchatka Peninsula, Russia",iscgem777750,1971,55.959,163.269,7.6
"off the east coast of the Kamchatka Peninsula, Russia",iscgem778805,1971,52.803,159.199,7.3
Santa Cruz Islands,iscgem778697,1971,-11.857,166.557,7.1
Banda Sea,iscgemsup780358,1971,-5.912,130.603,7
"Sakhalin, Russia",iscgem779972,1971,46.505,141.199,7.3
"Hokkaido, Japan region",iscgem780829,1971,41.415,143.416,7.1
Peru-Ecuador border region,iscgem782797,1971,-2.839,-77.322,7.4
"New Britain region, Papua New Guinea",iscgemsup782694,1971,-5.116,152.282,7
"New Ireland region, Papua New Guinea",iscgem782684,1971,-4.817,153.172,8.1
"New Ireland region, Papua New Guinea",iscgem782440,1971,-5.754,153.868,7
"New Ireland region, Papua New Guinea",iscgem782181,1971,-5.524,153.85,8
"Valparaiso, Chile",iscgem782010,1971,-32.601,-71.076,7.8
"Magadanskaya Oblast', Russia",iscgem784704,1971,63.952,145.965,7
"Andreanof Islands, Aleutian Islands, Alaska",iscgem784013,1971,51.396,-177.318,7
"southern Sumatra, Indonesia",iscgemsup785445,1971,-4.33,102.285,7
South Shetland Islands,iscgem787022,1971,-63.398,-61.377,7
"Andreanof Islands, Aleutian Islands, Alaska",iscgem786954,1971,51.409,-176.974,7
"Nias region, Indonesia",iscgem786889,1971,0.653,98.711,7
"Papua, Indonesia",iscgem788036,1971,-3.184,139.722,7.7
southern Mid-Atlantic Ridge,iscgem787884,1971,-55.918,-2.668,7.1
Peru-Ecuador border region,iscgem789028,1970,-4.026,-80.542,7.2
Solomon Islands,iscgem788837,1970,-11.154,163.377,7
Sea of Okhotsk,iscgem793336,1970,52.301,151.613,7.3
Colombia,iscgem794176,1970,-1.597,-72.532,8
Myanmar,iscgem794100,1970,25.977,95.34,7
"Kyushu, Japan",iscgem794013,1970,32.053,131.782,7
"Haida Gwaii Region, Canada",iscgem794827,1970,51.692,-131.055,7.4
"Tierra del Fuego, Argentina region",iscgem794605,1970,-54.476,-64.499,7.2
"near the coast of Magallanes, Chile",iscgem794565,1970,-52.028,-74.07,7
Macquarie Island region,iscgem794513,1970,-59.232,158.902,7.3
near the coast of northern Peru,iscgem796163,1970,-9.183,-78.737,7.9
"Bonin Islands, Japan region",iscgem796043,1970,27.236,140.23,7.1
"offshore Chiapas, Mexico",iscgem797311,1970,14.52,-92.653,7.3
"Luzon, Philippines",iscgem796378,1970,15.791,121.63,7.4
"Andreanof Islands, Aleutian Islands, Alaska",iscgem799531,1970,52.487,-174.915,7.1
"Mindanao, Philippines",iscgem799944,1970,6.785,126.682,7.2
"Yunnan, China",iscgem799712,1970,24.185,102.543,7.1
"east of Dominica, Leeward Islands",iscgem801426,1969,15.648,-59.694,7.2
"near the east coast of the Kamchatka Peninsula, Russia",iscgem802552,1969,57.65,163.554,7.4
off the west coast of northern Sumatra,iscgem802491,1969,2.005,94.489,7.6
Kuril Islands,iscgem805782,1969,43.313,147.647,7.1
Kuril Islands,iscgem805430,1969,43.424,147.859,8.2
"Kyushu, Japan",iscgem810045,1969,32.15,131.938,7
Azores-Cape St. Vincent Ridge,iscgem812637,1969,36.033,-10.613,7.8
"Sulawesi, Indonesia",iscgem812497,1969,-3.201,118.904,7
Banda Sea,iscgem812115,1969,-6.784,126.581,7.2
south of the Fiji Islands,iscgem812084,1969,-22.797,178.82,7.2
"Kepulauan Talaud, Indonesia",iscgem813688,1969,4.569,127.306,7.6
Vanuatu,iscgem813304,1969,-14.849,167.345,7.1
"Hokkaido, Japan region",iscgem813290,1969,44.985,143.238,7
Solomon Islands,iscgem812898,1969,-7.97,158.888,7
"near the north coast of New Guinea, Papua New Guinea",iscgem816232,1968,-3.33,143.286,7
"Bonin Islands, Japan region",iscgem815709,1968,26.358,140.635,7.3
"Kermadec Islands, New Zealand",iscgem817404,1968,-30.62,-177.914,7.1
northeastern Iran,iscgem818488,1968,34.158,59.083,7.1
Solomon Islands,iscgem818136,1968,-10.188,159.914,7.3
"Minahasa, Sulawesi, Indonesia",iscgem818025,1968,0.157,119.802,7.2
Molucca Sea,iscgem817844,1968,1.514,126.234,7.6
"Oaxaca, Mexico",iscgem817583,1968,16.519,-97.739,7.3
"Luzon, Philippines",iscgem817557,1968,16.316,122.067,7.6
"Kermadec Islands, New Zealand",iscgem819340,1968,-30.725,-178.217,7.3
"off the east coast of Honshu, Japan",iscgem820211,1968,39.503,143.07,7
"near the north coast of Papua, Indonesia",iscgem823104,1968,-2.85,139.353,7.5
South Island of New Zealand,iscgem822588,1968,-41.659,172.02,7.2
east of the Kuril Islands,iscgem822412,1968,44.822,150.219,7
"Kermadec Islands, New Zealand",iscgem822391,1968,-30.799,-178.11,7
"Hokkaido, Japan region",iscgem822083,1968,41.43,142.864,7.9
"off the east coast of Honshu, Japan",iscgem821946,1968,40.86,143.435,8.2
"Shikoku, Japan",iscgem823387,1968,32.449,132.269,7.5
Taiwan region,iscgem826743,1968,22.733,121.368,7.1
Aegean Sea,iscgem826342,1968,39.368,24.957,7.2
"New Ireland region, Papua New Guinea",iscgem826088,1968,-5.42,153.368,7.3
Kuril Islands,iscgem827772,1968,43.566,146.741,7.4
"New Ireland region, Papua New Guinea",iscgem828730,1967,-5.208,153.742,7.2
"Antofagasta, Chile",iscgem828604,1967,-21.865,-69.939,7.3
Nicaragua,iscgem830329,1967,11.925,-85.872,7.1
Fiji region,iscgem830163,1967,-21.182,-179.186,7.2
"Auckland Islands, New Zealand region",iscgem831453,1967,-49.736,164.009,7
off the coast of central Peru,iscgem830900,1967,-10.656,-79.674,7
western Turkey,iscgem833573,1967,40.751,30.8,7.4
Peru-Brazil border region,iscgem838830,1967,-9.163,-71.274,7
Reykjanes Ridge,iscgem838773,1967,52.812,-34.14,7
Colombia,iscgem838623,1967,2.849,-74.798,7
central Mongolia,iscgem839412,1967,48.168,103.036,7
Santa Cruz Islands,iscgem841184,1966,-12.326,166.491,7.1
Santa Cruz Islands,iscgem841173,1966,-12.091,166.552,7.8
"Antofagasta, Chile",iscgem841046,1966,-25.494,-70.55,7.7
north of Ascension Island,iscgem842636,1966,-1.571,-15.611,7
near the coast of central Peru,iscgem842581,1966,-10.665,-78.228,8.1
"Halmahera, Indonesia",iscgemsup843229,1966,2.388,128.49,7.7
Banda Sea,iscgem846755,1966,-7.24,124.583,7
Solomon Islands,iscgem846454,1966,-10.318,161.006,7.1
Taiwan region,iscgem849160,1966,24.122,122.583,7.5
"Kodiak Island region, Alaska",iscgem853605,1965,58.09,-152.525,7
"Oaxaca, Mexico",iscgem854871,1965,16.081,-95.867,7.4
Vanuatu,iscgem854556,1965,-16.198,167.607,7.2
Vanuatu,iscgem854555,1965,-15.871,166.96,7.4
Vanuatu,iscgem854473,1965,-15.861,167.092,7.6
Vanuatu,iscgem854451,1965,-15.449,166.98,7.2
Macquarie Island region,iscgem854292,1965,-56.046,157.922,7.3
"Fox Islands, Aleutian Islands, Alaska",iscgem855112,1965,52.99,-167.739,7.8
Kuril Islands,iscgem855991,1965,44.578,148.699,7.2
Kuril Islands,iscgem855990,1965,44.608,149.022,7
Vanuatu,iscgem857011,1965,-14.921,167.34,7.7
"Rat Islands, Aleutian Islands, Alaska",ushis2799,1965,50.32,177.93,7.65
"Valparaiso, Chile",iscgem858940,1965,-32.522,-71.233,7.4
"Hindu Kush region, Afghanistan",iscgem858598,1965,36.405,70.724,7.4
"near the coast of Antofagasta, Chile",iscgem860516,1965,-25.633,-70.679,7
"Rat Islands, Aleutian Islands, Alaska",iscgem859264,1965,51.443,179.605,7.3
"Rat Islands, Aleutian Islands, Alaska",official19650204050122_30,1965,51.251,178.715,8.7
"Kepulauan Sula, Indonesia",iscgem861299,1965,-2.608,125.952,8.2
"Nicobar Islands, India region",iscgemsup864419,1964,8.855,93.101,7.1
off the west coast of the South Island of New Zealand,iscgem864342,1964,-48.969,164.285,7.6
"Bougainville region, Papua New Guinea",iscgem865091,1964,-5.557,154.249,7
Vanuatu,iscgemsup865885,1964,-15.534,167.666,7.6
"Guerrero, Mexico",iscgem865780,1964,18.136,-100.605,7.3
Kuril Islands,iscgemsup867135,1964,43.222,146.159,7.1
"near the west coast of Honshu, Japan",iscgem866844,1964,38.399,139.29,7.6
South Sandwich Islands region,iscgem868048,1964,-56.323,-27.655,7.8
eastern Sea of Japan,iscgem867525,1964,40.328,138.969,7
"northern Sumatra, Indonesia",iscgem868224,1964,5.57,95.374,7
"Minahasa, Sulawesi, Indonesia",iscgemsup869903,1964,0.542,122.139,7.4
south of the Fiji Islands,iscgem17294673,1963,-24.749,-176.844,7.6
Java Sea,iscgem17294667,1963,-4.813,108.045,7
Peru-Brazil border region,iscgem17294529,1963,-9.127,-71.483,7.6
Banda Sea,iscgem17294492,1963,-6.843,129.684,8.1
east of the Kuril Islands,iscgem873349,1963,44.726,150.547,7.8
Kuril Islands,official19631013051759_30,1963,44.872,149.483,8.5
Kuril Islands,iscgem873224,1963,44.647,149.225,7
Santa Cruz Islands,iscgem17294275,1963,-10.466,165.36,7.2
Santa Cruz Islands,iscgem873068,1963,-10.522,165.642,7.4
Fiji region,iscgem872971,1963,-17.628,-178.684,7
southern Peru,iscgem17294122,1963,-13.866,-69.414,7.7
"Kepulauan Obi, Indonesia",iscgem872159,1963,-1.05,128.043,7.1
"Halmahera, Indonesia",iscgem872157,1963,-0.975,128.07,7.1
"Kermadec Islands, New Zealand",iscgem17293490,1963,-29.992,-177.675,7.3
east of the Kuril Islands,iscgem871982,1963,46.636,154.783,7.2
"eastern New Guinea region, Papua New Guinea",iscgem871885,1963,-7.523,146.308,7.5
Taiwan region,iscgem17293338,1963,24.411,122.094,7.2
"Santiago Del Estero, Argentina",iscgem875774,1962,-25.802,-63.21,7.2
western Iran,iscgem17292570,1962,35.656,49.843,7
south of Panama,iscgem17292186,1962,7.512,-82.729,7.2
Fiji region,iscgem874777,1962,-20.088,-177.459,7.5
"Kepulauan Barat Daya, Indonesia",iscgem874743,1962,-7.351,128.218,7.1
"Guerrero, Mexico",iscgem17291824,1962,16.96,-99.741,7
"Hokkaido, Japan region",iscgem874610,1962,42.506,143.734,7.1
"near the east coast of Honshu, Japan",iscgem874529,1962,38.022,142.789,7.3
northern Mid-Atlantic Ridge,iscgem874380,1962,10.767,-43.255,7.3
"Araucania, Chile",iscgem17291428,1962,-37.845,-72.885,7.1
South Sandwich Islands region,iscgem877339,1961,-56.332,-27.345,7.1
South Sandwich Islands region,iscgem17290909,1961,-59.274,-26.801,7.3
Peru-Brazil border region,iscgem877295,1961,-10.688,-70.925,7.2
Peru-Brazil border region,iscgem877215,1961,-10.75,-70.775,7.6
"Hokkaido, Japan region",iscgem877175,1961,43.056,145.101,7.1
Vanuatu,iscgem877044,1961,-18.307,168.29,7.3
"southeast of the Ryukyu Islands, Japan",iscgem877000,1961,29.692,131.683,7
"southern Xinjiang, China",iscgem17290245,1961,39.762,77.712,7
Kermadec Islands region,iscgem876217,1961,-28.866,-175.568,7
"Kyushu, Japan",iscgem876175,1961,31.739,131.475,7.5
"near the east coast of Honshu, Japan",iscgem875970,1961,36.226,141.815,7
"near the east coast of Honshu, Japan",iscgem875966,1961,36.121,141.758,7.2
"Antofagasta, Chile",iscgem880905,1960,-24.732,-70.297,7.3
south of the Fiji Islands,iscgem880846,1960,-24.678,-176.248,7.2
near the coast of northern Peru,iscgem880820,1960,-6.775,-80.918,7.6
"off the coast of Araucania, Chile",iscgem880670,1960,-38.467,-75.031,7.4
"Araucania, Chile",iscgem879577,1960,-38.154,-72.917,7
"Aisen, Chile",iscgem879416,1960,-45.785,-72.889,7.8
"Araucania, Chile",official19600522185602_30,1960,-38.061,-73.039,7.8
"Bio-Bio, Chile",iscgem879127,1960,-37.775,-73.017,7.1
"Bio-Bio, Chile",iscgem879106,1960,-37.824,-73.353,8.1
"off the east coast of Honshu, Japan",iscgem878607,1960,39.635,143.316,7
"off the east coast of Honshu, Japan",iscgem878564,1960,39.869,143.228,8
near the coast of southern Peru,iscgem878016,1960,-15.008,-74.867,7.1
South Sandwich Islands region,iscgem883464,1959,-59.935,-26.266,7
Kermadec Islands region,iscgem882896,1959,-28.84,-177.209,7.3
"17km ESE of West Yellowstone, Montana",ushis2396,1959,44.712,-111.215,7.3
Solomon Islands,iscgem882668,1959,-7.776,156.328,7
Taiwan region,iscgem882641,1959,22.078,121.105,7.2
"Tarapaca, Chile",iscgem882240,1959,-20.407,-68.862,7.1
"near the east coast of the Kamchatka Peninsula, Russia",iscgem881925,1959,53.257,159.732,7.9
"off the east coast of Honshu, Japan",iscgem881240,1959,37.492,142.33,7
Kuril Islands,iscgem885493,1958,44.215,148.754,7
Kuril Islands,official19581106225809_30,1958,44.479,148.485,8.3
southern Peru,iscgem884809,1958,-13.428,-69.388,7.5
Southeastern Alaska,iscgem884702,1958,58.23,-136.712,7.8
northern Alaska,iscgem884131,1958,65.915,-156.343,7.1
"southwestern Ryukyu Islands, Japan",iscgem883985,1958,24.945,124.327,7.2
near the coast of Ecuador,iscgem883713,1958,1.011,-79.489,7.6
near the coast of southern Peru,iscgem883699,1958,-16.625,-72.242,7
Santa Cruz Islands,iscgem887702,1957,-12.418,166.684,7.8
central Mongolia,iscgem887636,1957,45.189,99.368,8.1
"Potosi, Bolivia",iscgem887612,1957,-20.948,-66.713,7.7
"near the east coast of the Kamchatka Peninsula, Russia",iscgem887437,1957,55.75,161.134,7.6
Fiji region,iscgem887265,1957,-20.541,-178.349,7.4
Philippine Islands region,iscgem887230,1957,5.327,127.005,7.2
"Guerrero, Mexico",iscgem886928,1957,17.055,-99.092,7.6
"Chitinskaya Oblast', Russia",iscgem886753,1957,56.177,116.409,7.4
"Biak region, Indonesia",iscgem886739,1957,-1.723,136.592,7.1
western Turkey,iscgem886602,1957,40.73,31.09,7.1
"Dodecanese Islands, Greece",iscgem886448,1957,36.405,28.699,7.3
"Dodecanese Islands, Greece",iscgem886445,1957,36.493,28.829,7.1
Tonga,iscgem886391,1957,-15.02,-173.381,7.1
south of Alaska,iscgem886362,1957,55.869,-153.964,7
"Fox Islands, Aleutian Islands, Alaska",iscgem886230,1957,53.778,-165.771,7.1
"Andreanof Islands, Aleutian Islands, Alaska",iscgem886172,1957,51.419,-178.87,7.2
"Andreanof Islands, Aleutian Islands, Alaska",iscgem886155,1957,51.196,-176.733,7.1
"Andreanof Islands, Aleutian Islands, Alaska",iscgem886120,1957,51.481,-177.243,7.1
"Andreanof Islands, Aleutian Islands, Alaska",iscgem886103,1957,51.339,-178.602,7
"Fox Islands, Aleutian Islands, Alaska",iscgem886098,1957,52.691,-169.191,7.1
"Andreanof Islands, Aleutian Islands, Alaska",official19570309142233_30,1957,51.499,-175.626,8.6
near the coast of Nicaragua,iscgem888827,1956,11.682,-86.556,7.1
"near the east coast of Honshu, Japan",iscgem888741,1956,35.677,140.259,7.5
"Dodecanese Islands, Greece",iscgem888445,1956,36.664,25.957,7.7
central Afghanistan,iscgem888345,1956,35.155,67.607,7.3
Fiji region,iscgem888284,1956,-15.434,-178.803,7.6
"Izu Islands, Japan region",iscgem887981,1956,30.206,138.102,7.3
near the coast of Ecuador,iscgem887842,1956,-0.727,-80.213,7
south of Tonga,iscgem887807,1956,-26.43,-175.241,7
"New Britain region, Papua New Guinea",iscgem889990,1955,-5.062,152.855,7.3
"Volcano Islands, Japan region",iscgem889583,1955,24.319,142.412,7.2
"Nicobar Islands, India region",iscgem889535,1955,6.828,93.869,7
"offshore Coquimbo, Chile",iscgem889444,1955,-30.128,-71.935,7
"western Sichuan, China",iscgem889422,1955,29.957,101.759,7.1
"Mindanao, Philippines",iscgem889384,1955,7.658,123.157,7.4
South Indian Ocean,iscgem889351,1955,-9.101,91.653,7
"near the east coast of the Kamchatka Peninsula, Russia",iscgem889331,1955,54.252,160.884,7.2
"Andreanof Islands, Aleutian Islands, Alaska",ushis2022,1955,52.5,-173.5,7
Kermadec Islands region,iscgem889257,1955,-28.336,-175.599,7.5
"Auckland Islands, New Zealand region",iscgem889080,1955,-50.075,162.851,7
Nevada,ushis1985,1954,39.283,-118.117,7.26
"Baja California, Mexico",iscgem890579,1954,29.112,-113.024,7.2
Owen Fracture Zone region,iscgem890491,1954,12.185,58,7.1
Strait of Gibraltar,iscgem890481,1954,36.988,-3.612,7.8
"Gansu, China",iscgem890326,1954,38.956,101.217,7
"Volcano Islands, Japan region",iscgem890294,1954,24.057,143.467,7.2
Peru-Ecuador border region,iscgem892281,1953,-3.552,-80.636,7.3
"off the east coast of Honshu, Japan",iscgem892187,1953,34.006,141.625,7.9
Vanuatu,iscgem892130,1953,-13.082,166.464,7.1
Vanuatu,iscgem891794,1953,-19.092,169.635,7.2
"Bio-Bio, Chile",iscgem891664,1953,-37.093,-72.866,7.5
"New Britain region, Papua New Guinea",iscgem891636,1953,-4.449,152.868,7.4
"Saint Lucia region, Windward Islands",iscgem891566,1953,13.809,-61.216,7.3
western Turkey,iscgem891561,1953,40.175,27.648,7.3
"Near Islands, Aleutian Islands, Alaska",iscgem891410,1953,53.631,170.973,7
Solomon Islands,iscgem893860,1952,-8.229,156.434,7
eastern Xizang,iscgem893286,1952,30.648,91.601,7.4
"6km WNW of Grapevine, CA",ci3319401,1952,34.9581667,-118.998,7.5
Philippine Islands region,iscgem892651,1952,9.669,127.099,7.3
"Hokkaido, Japan region",iscgem892540,1952,42.084,143.899,8.1
"Kepulauan Barat Daya, Indonesia",iscgem892487,1952,-7.78,126.493,7
South Indian Ocean,iscgem895020,1951,-34.229,57.47,7.5
Taiwan,iscgem894988,1951,23.092,121.214,7.8
Taiwan,iscgemsup894987,1951,23.046,121.249,7.3
eastern Xizang,iscgem894960,1951,31.056,91.261,7.7
Kuril Islands,iscgem894891,1951,47.297,154.05,7
Taiwan,iscgem894828,1951,23.775,121.393,7
Taiwan,iscgem894824,1951,23.917,121.343,7.2
Taiwan,iscgem894821,1951,23.487,121.4,7.5
central Turkey,iscgem894620,1951,41.289,32.96,7
"Bonin Islands, Japan region",iscgem894503,1951,28.359,139.405,7.1
"southeastern Sakha, Russia",iscgem894262,1951,61.214,136.593,7.1
"Guerrero, Mexico",iscgem896193,1950,16.739,-98.482,7.1
Tonga,iscgem896185,1950,-19.705,-175.874,7.8
"Antofagasta, Chile",iscgem896170,1950,-23.977,-67.912,8.2
Vanuatu,iscgem896121,1950,-18.373,167.654,7.9
Banda Sea,iscgem896018,1950,-6.823,129.183,7.7
Guatemala,iscgem895966,1950,14.31,-91.917,7.2
Banda Sea,iscgem895901,1950,-4.199,128.233,7.3
Costa Rica,iscgem895887,1950,10.481,-85.046,7.5
"Papua, Indonesia",iscgem895844,1950,-2.077,138.151,7.2
1950 Assam-Tibet Earthquake,official19500815140934_30,1950,28.363,96.445,8.6
"Santiago Del Estero, Argentina",iscgem895680,1950,-27.507,-62.838,7.1
Vanuatu,iscgem895457,1950,-20.253,169.723,7.1
"Hokkaido, Japan region",iscgem895264,1950,45.882,143.491,7.7
"Luzon, Philippines",iscgem897130,1949,17.429,121.485,7.1
"Tierra del Fuego, Magallanes, Chile",iscgem897095,1949,-53.911,-69.753,7.3
"Tierra del Fuego, Magallanes, Chile",iscgem897093,1949,-53.923,-69.596,7.7
"Haida Gwaii, Canada",official19490822040118000_10,1949,53.673,-133.015,8
Tajikistan,iscgem896645,1949,39.174,70.891,7.5
Mariana Islands region,iscgem896626,1949,16.575,147.45,7.1
Molucca Sea,iscgem896433,1949,2.443,127.637,7
"Hindu Kush region, Afghanistan",iscgem896379,1949,36.563,70.698,7.5
"southern Xinjiang, China",iscgem896355,1949,41.865,84.191,7.3
Turkmenistan,iscgem897583,1948,38.036,58.388,7.3
Tonga,iscgem897539,1948,-21.246,-173.879,7.5
"Salta, Argentina",iscgem897515,1948,-24.567,-64.482,7
"western Sichuan, China",iscgem897351,1948,30.166,100.423,7.1
Alaska Peninsula,iscgem897327,1948,54.61,-161.19,7.1
"near the south coast of western Honshu, Japan",iscgem897281,1948,33.145,135.706,7.2
Philippine Islands region,iscgemsup897220,1948,18.79,118.915,7
"Seram, Indonesia",iscgem897217,1948,-3.1,127.111,7.1
"Dodecanese Islands, Greece",iscgem897184,1948,35.631,27.153,7.3
Fiji region,iscgem897168,1948,-20.222,-178.557,7.1
"Panay, Philippines",iscgem897163,1948,10.8,122.295,7.8
eastern Sea of Japan,iscgem898109,1947,44.01,140.78,7
central Peru,iscgem898103,1947,-10.973,-74.725,7.6
Central Alaska,iscgem898078,1947,64.131,-148.613,7.2
southern Greece,iscgem898058,1947,36.728,21.897,7.3
eastern Xizang-India border region,iscgem897970,1947,28.576,93.628,7.3
Mariana Islands region,iscgem897910,1947,21.6,145.464,7.2
Mariana Islands region,iscgem897893,1947,21.722,145.567,7
Molucca Sea,iscgem897890,1947,1.201,126.156,7
"Leyte, Philippines",iscgem897883,1947,11.182,124.658,7
"near the north coast of Papua, Indonesia",iscgem897871,1947,-1.86,134.986,7.6
"near the north coast of Papua, Indonesia",iscgem897799,1947,-1.159,137.847,7.3
North Island of New Zealand,iscgem897790,1947,-38.951,177.562,7
"Qinghai-Sichuan border region, China",iscgem897783,1947,33.479,99.529,7.3
"1946 Nankai Earthquake, Japan",iscgem898698,1946,33.116,135.895,8.3
Kyrgyzstan,iscgemsup898647,1946,41.757,71.854,7.5
"Andreanof Islands, Aleutian Islands, Alaska",iscgem898643,1946,51.752,-174.453,7
"New Ireland region, Papua New Guinea",iscgem898610,1946,-5.158,153.379,7.8
Myanmar,iscgem898579,1946,24.054,95.666,8
Dominican Republic region,iscgem898519,1946,19.538,-69.657,7
Dominican Republic region,iscgem898498,1946,19.083,-69.248,7.5
"Vancouver Island, Canada region",ushis1554,1946,49.76,-125.34,7.3
"southern Sumatra, Indonesia",iscgem898378,1946,-0.746,99.096,7.3
"1946 Aleutian Islands (Unimak Island) Earthquake, Alaska",official19460401122901_30,1946,53.492,-162.832,8.6
off the coast of Pakistan,iscgem899220,1945,24.927,63.601,8.1
off the west coast of the South Island of New Zealand,iscgem899073,1945,-46.939,166.022,7.5